code,market
CC.BTCUSDT,
CC.ETHUSDT,
CC.SOLUSDT,
SZ.000725,
SH.603986,
SH.600487,
SH.601138,
SZ.002384,
SH.600522,
SZ.000063,
SZ.002475,
SZ.002281,
SH.600584,
SZ.000988,
SZ.002463,
SH.600105,
SH.600498,
SZ.001309,
SZ.000636,
SZ.002156,
SH.600183,
SZ.002050,
SH.601869,
SZ.000100,
SH.601899,
SZ.002491,
SH.600703,
SZ.002484,
SZ.002185,
SZ.002008,
SH.600549,
SZ.002428,
SZ.002436,
US.NVDA,
US.AAPL,
US.GOOGL,
US.GOOG,
US.MSFT,
US.AMZN,
US.AVGO,
US.TSLA,
US.META,
US.LLY,
US.BRK.B,
US.MU,
US.WMT,
US.JPM,
US.AMD,
US.ASML,
US.XOM,
US.V,
US.JNJ,
US.INTC,
US.ORCL,
US.CSCO,
US.COST,
US.LRCX,
US.MA,
US.AMAT,
US.CAT,
US.ABBV,
US.BAC,
US.CVX,
US.UNH,
US.KO,
US.ARM,
US.PG,
US.NFLX,
US.GE,
US.MS,
US.HD,
US.PLTR,
US.KLAC,
US.MRK,
US.GS,
US.PM,
US.SNDK,
US.TXN,
US.IBM,
US.WFC,
US.DELL,
US.RTX,
US.GEV,
US.LIN,
US.MRVL,
US.C,
US.PANW,
US.AXP,
US.QCOM,
US.TMUS,
US.MCD,
US.VZ,
US.PEP,
US.ADI,
US.ANET,
US.AMGN,
US.STX,
US.TJX,
US.APH,
US.NEE,
US.CRWD,
US.TMO,
US.WDC,
US.DIS,
US.BA,
US.APP,
US.T,
US.UNP,
US.GILD,
US.BLK,
US.ABT,
US.SCHW,
US.DE,
US.WELL,
US.PFE,
US.ETN,
US.GLW,
US.IBKR,
US.ISRG,
US.COP,
US.UBER,
US.SHOP,
US.PLD,
US.CRM,
US.HON,
US.CB,
US.CVS,
US.DHR,
US.LMT,
US.BKNG,
US.SPGI,
US.MO,
US.LOW,
US.PGR,
US.SYK,
US.BMY,
US.SBUX,
US.PDD,
US.VRTX,
US.VRT,
US.PH,
US.COF,
US.SO,
US.NOW,
US.FTNT,
US.CDNS,
US.HWM,
US.ACN,
US.MDT,
US.EQIX,
US.MAR,
US.NEM,
US.PWR,
US.TT,
US.DUK,
US.BNY,
US.GD,
US.CME,
US.MCK,
US.PNC,
US.FCX,
US.ADP,
US.BX,
US.ADBE,
US.UPS,
US.MNST,
US.WM,
US.WMB,
US.CMI,
US.USB,
US.AMT,
US.CEG,
US.ELV,
US.CSX,
US.SNPS,
US.CMCSA,
US.JCI,
US.HCA,
US.KKR,
US.SLB,
US.DDOG,
US.MDLZ,
US.MMM,
US.MRSH,
US.MELI,
US.HOOD,
US.NOC,
US.ICE,
US.FDX,
US.CI,
US.MPC,
US.VLO,
US.EMR,
US.MCO,
US.HLT,
US.ROST,
US.INTU,
US.ABNB,
US.SHW,
US.APO,
US.MPWR,
US.ORLY,
US.EOG,
US.NXPI,
US.CTAS,
US.PSX,
US.ECL,
US.RCL,
US.AON,
US.ITW,
US.CVNA,
US.CL,
US.GM,
US.KMI,
US.AEP,
US.SPG,
US.BSX,
US.NSC,
US.TDG,
US.COHR,
US.MSI,
US.CRH,
US.WBD,
US.LITE,
US.NKE,
US.URI,
US.DASH,
US.RSG,
US.TRV,
US.REGN,
US.DLR,
US.FIX,
US.BKR,
US.TFC,
US.APD,
US.GWW,
US.CIEN,
US.PCAR,
US.SRE,
US.AFL,
US.HPE,
US.TGT,
US.TEL,
US.D,
US.TRGP,
US.NUE,
US.O,
US.LHX,
US.OKE,
US.OXY,
US.AJG,
US.F,
US.ALL,
US.PSA,
US.TER,
US.KEYS,
US.CARR,
US.MET,
US.COR,
US.FANG,
US.DVN,
US.FAST,
US.CAH,
US.AME,
US.EA,
US.ETR,
US.DAL,
US.ODFL,
US.AZO,
US.CTVA,
US.ROK,
US.EW,
US.XEL,
US.NDAQ,
US.VST,
US.MCHP,
US.EBAY,
US.FITB,
US.FER,
US.EXC,
US.ADSK,
US.STT,
US.GRMN,
US.HUM,
US.IDXX,
US.WAB,
US.ON,
US.MSCI,
US.CCEP,
US.KDP,
US.ARES,
US.YUM,
US.DHI,
US.VTR,
US.COIN,
US.LYV,
US.BDX,
US.AMP,
US.AIG,
US.TKO,
US.MSTR,
US.CCI,
US.ED,
US.XYZ,
US.KR,
US.PEG,
US.STLD,
US.CMG,
US.TTWO,
US.ALNY,
US.ADM,
US.CBRE,
US.JBL,
US.SYY,
US.CCL,
US.WEC,
US.PCG,
US.IRM,
US.PRU,
US.HSY,
US.SATS,
US.A,
US.PAYX,
US.PYPL,
US.AXON,
US.VMC,
US.HIG,
US.EME,
US.WAT,
US.TRI,
US.KVUE,
US.HBAN,
US.ZTS,
US.UAL,
US.KMB,
US.HAL,
US.ROP,
US.CASY,
US.LVS,
US.MTB,
US.MLM,
US.WDAY,
US.EQT,
US.ACGL,
US.NTRS,
US.CBOE,
US.EXR,
US.EL,
US.CNC,
US.NTAP,
US.DTE,
US.VICI,
US.Q,
US.AEE,
US.IQV,
US.BIIB,
US.RJF,
US.DOV,
US.GEHC,
US.DXCM,
US.TPR,
US.FOXA,
US.CPRT,
US.KHC,
US.TDY,
US.FSLR,
US.ATO,
US.CNP,
US.EIX,
US.RMD,
US.FISV,
US.FICO,
US.CFG,
US.IR,
US.FE,
US.FDXF,
US.PPL,
US.JBHT,
US.OTIS,
US.VEEV,
US.AVB,
US.ES,
US.CINF,
US.EXPE,
US.FOX,
US.VRSN,
US.NRG,
US.TPL,
US.XYL,
US.WRB,
US.PPG,
US.DOW,
US.EQR,
US.WSM,
US.BG,
US.HUBB,
US.WTW,
US.DG,
US.AWK,
US.STZ,
US.RF,
US.CTSH,
US.VRSK,
US.KEY,
US.DRI,
US.PFG,
US.SYF,
US.WST,
US.CHD,
US.RL,
US.PHM,
US.CMS,
US.CPAY,
US.TROW,
US.ROL,
US.MTD,
US.DGX,
US.NI,
US.LEN,
US.CHRW,
US.L,
US.HPQ,
US.FFIV,
US.LH,
US.EXPD,
US.INCY,
US.DLTR,
US.LYB,
US.SBAC,
US.OMC,
US.EXE,
US.INSM,
US.SW,
US.ULTA,
US.BRO,
US.VLTO,
US.LUV,
US.STE,
US.ZS,
US.FIS,
US.TSN,
US.SNA,
US.PKG,
US.EVRG,
US.IFF,
US.MRNA,
US.LNT,
US.EFX,
US.AKAM,
US.DD,
US.VTRS,
US.ALB,
US.SMCI,
US.ESS,
US.GIS,
US.FTV,
US.AMCR,
US.INVH,
US.KIM,
US.LII,
US.IP,
US.WY,
US.NVR,
US.CF,
US.CHTR,
US.GPN,
US.BR,
US.ZBH,
US.HST,
US.NWS,
US.CDW,
US.TSCO,
US.TXT,
US.BEN,
US.MAA,
US.BBY,
US.IEX,
US.NDSN,
US.DECK,
US.LDOS,
US.GNRC,
US.REG,
US.J,
US.BALL,
US.PTC,
US.GEN,
US.NWSA,
US.MAS,
US.DOC,
US.APTV,
US.GPC,
US.SOLV,
US.HRL,
US.APA,
US.EG,
US.LULU,
US.CSGP,
US.MKC,
US.DVA,
US.COO,
US.AIZ,
US.GL,
US.UDR,
US.PNW,
US.SJM,
US.SWK,
US.ALGN,
US.TYL,
US.IVZ,
US.BF.B,
US.ERIE,
US.MGM,
US.AVY,
US.CLX,
US.HII,
US.HAS,
US.TRMB,
US.PSKY,
US.PNR,
US.CPT,
US.ALLE,
US.RVTY,
US.WYNN,
US.FRT,
US.SWKS,
US.AES,
US.BAX,
US.BXP,
US.PODD,
US.DPZ,
US.ZBRA,
US.GDDY,
US.IT,
US.HSIC,
US.ARE,
US.JKHY,
US.FDS,
US.CRL,
US.UHS,
US.TTD,
US.NCLH,
US.TECH,
US.BLDR,
US.AOS,
US.TAP,
US.POOL,
US.CPB,
US.CAG,
US.MOS,
US.SPY,
US.QQQ,
US.TQQQ,
US.SOXL,
US.SMH,
US.AAOI,
US.ALAB,
US.ASTS,
US.AXTI,
US.BE,
US.CRCL,
US.CRDO,
US.CRWV,
US.DIA,
US.DXYZ,
US.EOSE,
US.FLNC,
US.FLY,
US.HIMS,
US.HIMX,
US.IGV,
US.INOD,
US.IONQ,
US.IREN,
US.IWM,
US.LUNR,
US.MP,
US.MRAM,
US.MXL,
US.NBIS,
US.NET,
US.NOK,
US.NVO,
US.NVTS,
US.OKLO,
US.ONDS,
US.PL,
US.POET,
US.RKLB,
US.SMR,
US.SOFI,
US.SOUN,
US.TSM,
