排名,代码,名称,最新价,成交额(亿元)
1,US.MU,美光科技,864.01,698.84
2,US.NVDA,英伟达,205.1,457.45
3,US.MRVL,迈威尔科技,263.47,264.96
4,US.TSLA,特斯拉,391.0,253.54
5,US.AMD,美国超微公司,466.38,224.38
6,US.SNDK,闪迪,1559.32,213.25
7,US.AAPL,苹果,307.34,202.75
8,US.AVGO,博通,385.73,201.7
9,US.META,Meta Platforms,593.0,180.26
10,US.INTC,英特尔,99.17,148.21
11,US.MSFT,微软,416.67,145.93
12,US.AMZN,亚马逊,246.03,139.02
13,US.GOOGL,谷歌-A,368.53,138.03
14,US.GOOG,谷歌-C,365.76,85.65
15,US.TSM,台积电,415.17,82.71
16,US.LITE,Lumentum,863.66,67.79
17,US.ORCL,甲骨文,213.68,62.9
18,US.AMAT,应用材料,453.01,55.05
19,US.QCOM,高通,215.94,53.44
20,US.PLTR,Palantir,135.53,52.39
21,US.ARM,Arm Holdings,342.93,52.39
22,US.MSTR,Strategy,120.44,49.8
23,US.NBIS,NEBIUS,227.81,48.02
24,US.WDC,西部数据,511.72,47.32
25,US.LLY,礼来,1131.42,47.27
26,US.ASML,阿斯麦,1641.74,45.78
27,US.DELL,戴尔科技,394.39,43.87
28,US.WMT,沃尔玛,118.88,43.86
29,US.UNH,联合健康,399.47,43.61
30,US.BRK.B,伯克希尔-B,488.13,41.36
31,US.LRCX,泛林集团,303.28,41.15
32,US.CSCO,思科,121.64,40.87
33,US.AAOI,Applied Optoelectronics,177.0,37.43
34,US.KLAC,科磊,1929.2,36.5
35,US.NOW,ServiceNow,112.45,35.91
36,US.CRWD,CrowdStrike,671.02,35.9
37,US.IBM,IBM Corp,284.84,35.88
38,US.NFLX,奈飞,82.18,35.59
39,US.IREN,IREN Ltd,54.35,34.96
40,US.CRDO,Credo Technology,206.89,34.45
41,US.TXN,德州仪器,285.06,34.35
42,US.CRWV,CoreWeave,100.39,32.53
43,US.STX,希捷科技,847.47,31.35
44,US.APP,Applovin,557.2,31.2
45,US.BE,Bloom Energy,263.61,30.86
46,US.COST,好市多,971.87,30.36
47,US.HOOD,Robinhood,82.47,29.7
48,US.ADI,亚德诺,401.39,29.46
49,US.GEV,GE Vernova,933.61,28.65
50,US.JPM,摩根大通,312.37,28.47
51,US.GLW,康宁,177.58,28.36
52,US.GS,高盛,1038.68,27.84
53,US.NOK,诺基亚,14.38,27.38
54,US.COIN,Coinbase,152.4,25.44
55,US.CAT,卡特彼勒,904.28,25.36
56,US.NXPI,恩智浦,295.96,25.18
57,US.COHR,Coherent,376.99,25.16
58,US.XOM,埃克森美孚,149.92,24.93
59,US.CRM,赛富时,185.66,24.63
60,US.RKLB,Rocket Lab,110.08,24.01
61,US.ALAB,Astera Labs,317.06,23.77
62,US.V,Visa,323.57,23.21
63,US.ASTS,AST SpaceMobile,93.6,23.06
64,US.ON,安森美半导体,117.26,22.75
65,US.VRT,Vertiv Holdings,300.51,22.26
66,US.PANW,Palo Alto Networks,272.05,21.34
67,US.CIEN,Ciena,488.21,21.09
68,US.SMCI,超微电脑,41.64,20.9
69,US.BAC,美国银行,53.83,20.88
70,US.MA,万事达,491.08,20.72
71,US.MPWR,Monolithic Power Systems,1481.05,20.62
72,US.KO,可口可乐,79.48,20.42
73,US.CRCL,Circle,80.28,20.36
74,US.TER,泰瑞达,357.93,19.96
75,US.GILD,吉利德科学,129.16,19.93
76,US.MRK,默沙东,120.79,19.38
77,US.IONQ,IonQ Inc,56.78,18.92
78,US.PEP,百事可乐,141.92,18.88
79,US.HPE,慧与科技,49.2,18.8
80,US.INTU,财捷,296.76,18.73
81,US.JNJ,强生,232.77,18.71
82,US.LULU,Lululemon Athletica,114.23,18.5
83,US.MCHP,微芯科技,88.34,17.67
84,US.SNOW,Snowflake,238.26,17.09
85,US.C,花旗集团,132.47,16.65
86,US.PG,宝洁,146.54,15.99
87,US.DDOG,Datadog,234.11,15.94
88,US.BABA,阿里巴巴,121.06,15.77
89,US.MCD,麦当劳,279.84,15.14
90,US.STI,Solidion Technology,35.72,15.1
91,US.LIN,林德气体,507.9,14.74
92,US.STM,意法半导体,70.72,14.44
93,US.ABBV,艾伯维公司,227.23,14.26
94,US.AAL,美国航空,13.5,14.19
95,US.ANET,Arista Networks,154.27,14.13
96,US.PL,Planet Labs PBC,32.22,13.91
97,US.T,AT&T,22.75,13.87
98,US.CLS,天弘科技,371.71,13.66
99,US.CDNS,铿腾电子,376.19,13.42
100,US.MS,摩根士丹利,211.93,13.14
101,US.UBER,优步,70.71,13.14
102,US.SOFI,SoFi Technologies,16.03,13.12
103,US.BKNG,Booking Holdings,165.84,13.02
104,US.WBD,Warner Bros Discovery,26.24,13.02
105,US.GE,GE航天航空,328.0,12.96
106,US.AZO,汽车地带,3116.43,12.7
107,US.MDT,美敦力,81.67,12.51
108,US.ADBE,Adobe,251.44,12.4
109,US.WFC,富国银行,81.94,12.39
110,US.HD,家得宝,310.78,12.26
111,US.AMGN,安进,349.58,12.16
112,US.CMG,奇波雷墨西哥烧烤,29.34,12.01
113,US.NET,Cloudflare,250.11,12.0
114,US.CVX,雪佛龙,187.31,11.85
115,US.ISRG,直觉外科公司,422.06,11.76
116,US.FCX,麦克莫兰铜金,63.37,11.61
117,US.SATS,回声星通信,116.28,11.36
118,US.RTX,雷神技术,180.99,11.35
119,US.TMUS,T-Mobile US,178.1,11.35
120,US.OKLO,Oklo Inc,58.09,11.25
121,US.FSLR,第一太阳能,279.01,11.1
122,US.COF,第一资本信贷,180.67,11.01
123,US.ABT,雅培,91.07,10.92
124,US.RGTI,Rigetti Computing,20.68,10.71
125,US.CEG,Constellation Energy,254.83,10.6
126,US.HON,霍尼韦尔,213.97,10.6
127,US.VZ,Verizon,45.37,10.52
128,US.MTSI,MACOM Technology Solutions,345.4,10.44
129,US.RDW,Redwire,18.45,10.42
130,US.RDDT,Reddit,173.45,10.4
131,US.ORLY,奥莱利,90.33,10.4
132,US.BA,波音,215.45,10.37
133,US.FTNT,飞塔信息,144.68,10.36
134,US.DE,迪尔股份,583.44,10.28
135,US.BMNR,Bitmine Immersion Technologies,15.9,10.19
136,US.DASH,DoorDash,156.8,10.15
137,US.ETN,伊顿,395.94,10.13
138,US.NEE,新纪元能源,85.84,10.13
139,US.APH,安费诺,138.81,10.07
140,US.NEM,纽曼矿业,99.71,9.99
141,US.PYPL,PayPal,41.29,9.94
142,US.BSX,波士顿科学,48.55,9.93
143,US.F,福特汽车,14.9,9.73
144,US.ROST,罗斯百货,230.37,9.61
145,US.NVTS,纳微半导体,25.08,9.59
146,US.SPGI,标普全球,424.44,9.58
147,US.DIS,迪士尼,99.71,9.46
148,US.CVS,西维斯健康,95.93,9.31
149,US.AXTI,AXT Inc,89.04,9.13
150,US.CBRS,Cerebras Systems,201.01,9.1
151,US.CME,芝加哥商品交易所,257.4,9.05
152,US.PH,派克汉尼汾,882.34,9.0
153,US.SHOP,Shopify,109.54,8.93
154,US.CMCSA,康卡斯特,23.82,8.81
155,US.SPOT,Spotify Technology,496.95,8.79
156,US.APLD,Applied Digital,39.62,8.65
157,US.SNPS,新思科技,464.85,8.62
158,US.FDX,联邦快递,331.0,8.56
159,US.QBTS,D-Wave Quantum,23.85,8.42
160,US.FLEX,伟创力,151.92,8.4
161,US.PFE,辉瑞,26.04,8.39
162,US.AXON,Axon Enterprise,486.12,8.19
163,US.TMO,赛默飞世尔,472.8,8.19
164,US.PM,菲利普莫里斯,178.29,8.19
165,US.SCHW,嘉信理财,88.84,8.15
166,US.HCA,HCA医疗,372.13,8.11
167,US.ICE,洲际交易所,141.5,7.97
168,US.NKE,耐克,42.98,7.94
169,US.PLD,安博,144.54,7.87
170,US.AGX,Argan,694.72,7.83
171,US.TJX,TJX公司,160.71,7.83
172,US.TWLO,Twilio,225.99,7.79
173,US.MAR,万豪酒店,392.51,7.75
174,US.RCL,皇家加勒比邮轮,280.0,7.64
175,US.MCK,麦克森,775.66,7.62
176,US.INSM,Insmed,94.22,7.61
177,US.AXP,美国运通,310.66,7.59
178,US.AEM,伊格尔矿业,163.66,7.57
179,US.UNP,联合太平洋,272.32,7.56
180,US.SHW,宣伟公司,305.3,7.52
181,US.ASX,日月光半导体,34.03,7.46
182,US.PWR,广达服务,695.11,7.44
183,US.STRL,Sterling Infrastructure,882.43,7.36
184,US.FANG,Diamondback Energy,192.62,7.35
185,US.SBUX,星巴克,95.29,7.27
186,US.CDE,科尔黛伦矿业,16.37,7.27
187,US.POET,POET Technologies,11.86,7.22
188,US.MELI,MercadoLibre,1607.8,7.22
189,US.BLK,贝莱德,995.6,7.22
190,US.ELV,Elevance Health,415.53,7.21
191,US.B,Barrick Mining,39.46,7.18
192,US.SAP,SAP SE,184.77,7.15
193,US.COP,康菲石油,117.14,7.05
194,US.ARGX,argenx SE,891.32,7.0
195,US.RBRK,Rubrik,73.41,6.97
196,US.STRC,STRATEGY INC VAR RT SER A PERP STRETCH PREFERRED STK,93.4,6.96
197,US.ADP,自动数据处理,231.95,6.94
198,US.ONDS,Ondas,10.43,6.9
199,US.VRTX,福泰制药,446.83,6.86
200,US.FIX,美国舒适系统,1843.94,6.83
